{
    "agriculture": {
        "wheat_growth_speed": 0.30000001192092896
    },
    "city_manager": {
        "carrying_capacity_base": 600,
        "cohesion_bonus_per_city": 1.0,
        "default_expand_influence_radius": 4,
        "default_expand_migration_radius": 3,
        "default_expand_plant_radius": 2,
        "min_distance": 20,
        "number_of_factions": 15,
        "penalty_distance_from_mother_city_factor": 0.15000000596046448,
        "population_totale": 100,
        "stock_food": 300,
        "tech_base_level": 1
    },
    "faction_interface": {
        "altitude_malus_multiplier": 0.30000001192092896,
        "altitude_threshold": 1.2000000476837158,
        "bronze_age_resource_bonus": 0.25,
        "bronze_age_wood_bonus": 0.05000000074505806,
        "fertility_humidity_weight": 0.3499999940395355,
        "fertility_light_weight": 0.10000000149011612,
        "fertility_temperature_weight": 0.25,
        "growth_rate": 0.10000000149011612,
        "iron_age_bronze_bonus": 0.10000000149011612,
        "iron_age_resource_bonus": 0.30000001192092896,
        "min_migrants": 50,
        "scan_radius": 2,
        "soil_bonus_max": 0.4000000059604645,
        "soil_bonus_multiplier": 0.800000011920929,
        "stone_age_water_bonus": 0.10000000149011612,
        "stone_age_wood_bonus": 0.15000000596046448
    },
    "food_manager": {
        "consumption_rate": 0.800000011920929,
        "food_harvested": 100,
        "replant_chance": 0.800000011920929
    },
    "general": {
        "sea_level": 0.35600000619888306
    },
    "hydrolic_erosion": {
        "k": 0.10000000149011612,
        "m": 0.5,
        "n": 1.0
    },
    "hydrologie": {
        "drop_off": 0.10000000149011612,
        "river_threshold": 97.70500183105469
    },
    "light": {
        "num_directions": 8,
        "radius": 10
    },
    "map_generator": {
        "altitude_frequency": 0.00800000037997961,
        "altitude_gain": 0.25,
        "altitude_lacunarity": 2.0,
        "altitude_octaves": 6,
        "granular_frequency": 0.05000000074505806,
        "humidity_frequency": 0.004999999888241291,
        "temperature_frequency": 0.004999999888241291
    },
    "minerals": {
        "base_spawn_chance": 0.05000000074505806,
        "bronze_biome_bonus": 1.7999999523162842,
        "bronze_biome_penalty": 0.6000000238418579,
        "bronze_max_altitude": 0.6499999761581421,
        "bronze_min_altitude": 0.25,
        "bronze_rarity": 0.44999998807907104,
        "coal_biome_bonus": 1.5,
        "coal_biome_penalty": 0.5,
        "coal_max_altitude": 0.699999988079071,
        "coal_min_altitude": 0.30000001192092896,
        "coal_rarity": 0.4000000059604645,
        "gold_biome_bonus": 1.2000000476837158,
        "gold_biome_penalty": 0.5,
        "gold_max_altitude": 0.5,
        "gold_min_altitude": 0.20000000298023224,
        "gold_rarity": 0.15000000596046448,
        "iron_biome_bonus": 2.0,
        "iron_biome_penalty": 0.800000011920929,
        "iron_max_altitude": 0.8999999761581421,
        "iron_min_altitude": 0.5,
        "iron_rarity": 0.20000000298023224,
        "noise_frequency": 0.05000000074505806,
        "offset_bronze": 30000.0,
        "offset_coal": 0.0,
        "offset_gold": 20000.0,
        "offset_iron": 10000.0,
        "vein_decay_rate": 0.20000000298023224,
        "vein_initial_chance": 0.6000000238418579
    },
    "ressource_manager": {
        "max_ore_per_vein": 300.0,
        "max_wood_per_tree": 50.0,
        "mining_rate": 0.20000000298023224,
        "tree_chop_rate": 0.5
    },
    "tech_manager": {
        "cost_bronze_iron": 800,
        "cost_coal_iron": 1000,
        "cost_wood_bronze": 500,
        "req_colonies_bronze": 3,
        "req_colonies_iron": 6,
        "req_pop_bronze": 1000,
        "req_pop_iron": 3000
    },
    "territory_system": {
        "tension_factor": 5
    },
    "thermal_erosion": {
        "friction": 0.5,
        "iterations_per_tick": 3,
        "talus_angle": 0.004999999888241291
    },
    "vegetation": {
        "death_factor": 0.8999999761581421,
        "growth_factor": 0.5,
        "pollinization_chance": 0.10000000149011612,
        "radius_cactus": 2,
        "radius_jungle_tree": 5,
        "radius_oak_tree": 6,
        "radius_pine_tree": 3
    },
    "warfare_manager": {
        "base_casualty_rate": 0.20000000298023224,
        "combat_range_bonus": 1
    }
}
